<?xml version="1.0" encoding="UTF-8"?>
<beans xmlns="http://www.springframework.org/schema/beans"
	xmlns:xsi="http://www.w3.org/2001/XMLSchema-instance" xmlns:util="http://www.springframework.org/schema/util"
	xsi:schemaLocation="http://www.springframework.org/schema/beans http://www.springframework.org/schema/beans/spring-beans.xsd
		http://www.springframework.org/schema/util http://www.springframework.org/schema/util/spring-util-3.2.xsd">

	<bean id="accrualData" class="com.staralliance.pai.accrual.domain.AccrualData"
		scope="prototype" />

	<bean id="accrualFileLevelLineMapper"
		class="com.staralliance.pai.common.filelevel.batch.FileLevelLineMapper">
		<property name="headerLineTokenizer" ref="accrualHeaderTokenizer" />
		<property name="footerLineTokenizer" ref="accrualFooterTokenizer" />
		<property name="headerFieldSetMapper" ref="accrualHeaderFieldSetMapper" />
		<property name="footerFieldSetMapper" ref="accrualFooterFieldSetMapper" />
		<property name="headerDataTypes" ref="accrualHeaderDataType" />
		<property name="footerDataTypes" ref="accrualFooterDataType" />
	</bean>

	<bean id="accrualRecordLevelLineMapper"
		class="com.staralliance.pai.common.recordlevel.batch.RecordLevelLineMapper">
		<property name="recordLineTokenizer" ref="accrualDataTokenizer" />
		<property name="recordFieldSetMapper" ref="accrualDataFieldSetMapper" />
		<property name="dataTypes" ref="accrualDataType" />
	</bean>

	<bean id="accrualHeaderTokenizer"
		class="org.springframework.batch.item.file.transform.FixedLengthTokenizer">
		<property name="names"
			value="recordType,fileType,deliverySequenceNumber,sendingSystem,sendingAirline,receivingAirline,createDate,version,carrierFileReference,filler" />
		<property name="columns"
			value="1-2,3-4,5-9,10-12,13-15,16-18,19-26,27-28,29-44,45-500" />
	</bean>

	<bean id="accrualDataTokenizer"
		class="org.springframework.batch.item.file.transform.FixedLengthTokenizer">
		<property name="names"
			value="recordType,ffpProgram,ffpMemberNumber,memberTicketedFamilyName,memberTicketedGivenName,nameCheckOverride,operatingAirlineCode,operatingFlightNumber,marketingAirlineCode,marketingFlightNumber,codeShareIndicator,flightDeparture,flightArrivalDate,originAirportCode,destinationAirportCode,optAirRevenueBookingClassCode,flownCabinClassCode,creditedClassCode,marketingBookingClass,upgradeIndicator,downgradeIndicator,entitlementNumber,ticketNumber,couponNumber,fareBasisCode,seatNumber,recordLocator,updateCode,baseFlightMilesPoints,checkinSourceCode,bookingSourceCode,opeAirauthorizationNum,internalRefNuFFPProgram,postingstatuas,responseCode1,responseCode2,responseCode3,responseCode4,responseCode5,responseCode6,tierLevel,gender,filler,airlineAdditionalInfo" />
		<property name="columns"
			value="1-2,3-5,6-25,26-55,56-105,106-106,107-109,110-114,115-117,118-122,123-123,124-131,132-139,140-144,145-149,150-151,152-153,154-155,156-157,158-159,160-161,162-176,177-189,190-191,192-199,200-203,204-209,210-210,211-215,216-217,218-219,220-235,236-251,252-253,254-256,257-259,260-262,263-265,266-268,269-271,272-273,274-274,275-400,401-500" />
	</bean>


	<bean id="accrualFooterTokenizer"
		class="org.springframework.batch.item.file.transform.FixedLengthTokenizer">
		<property name="names"
			value="recordType,totalNumberOfRecords,numAcceptedPostedRecordsWithoutChanges,numAcceptedPostedRecordsWithChanges,numRejectedRecords,filler" />
		<property name="columns" value="1-2,3-11,12-20,21-29,30-38,39-500" />
	</bean>

	<util:map id="accrualHeaderDataType" map-class="java.util.HashMap"
		key-type="java.lang.String" value-type="java.lang.Class">
		<entry key="recordType" value="java.lang.Integer" />
		<entry key="fileType" value="java.lang.Integer" />
		<entry key="deliverySequenceNumber" value="java.lang.Integer" />
		<entry key="sendingSystem" value="java.lang.String" />
		<entry key="sendingAirline" value="java.lang.String" />
		<entry key="receivingAirline" value="java.lang.String" />
		<entry key="createDate" value="java.lang.Integer" />
		<entry key="version" value="java.lang.Integer" />
		<entry key="carrierFileReference" value="java.lang.String" />
		<entry key="filler" value="java.lang.String" />
	</util:map>

	<util:map id="accrualFooterDataType" map-class="java.util.HashMap"
		key-type="java.lang.String" value-type="java.lang.Class">
		<entry key="recordType" value="java.lang.Integer" />
		<entry key="totalNumberOfRecords" value="java.lang.Integer" />
		<entry key="numAcceptedPostedRecordsWithoutChanges" value="java.lang.Integer" />
		<entry key="numAcceptedPostedRecordsWithChanges" value="java.lang.Integer" />
		<entry key="numRejectedRecords" value="java.lang.Integer" />
		<entry key="filler" value="java.lang.String" />
	</util:map>

	<util:map id="accrualDataType" map-class="java.util.HashMap"
		key-type="java.lang.String" value-type="java.lang.Class">
		<entry key="recordType" value="java.lang.Integer" />
		<entry key="ffpProgram" value="java.lang.String" />
		<entry key="ffpMemberNumber" value="java.lang.String" />
		<entry key="memberTicketedFamilyName" value="java.lang.String" />
		<entry key="memberTicketedGivenName" value="java.lang.String" />
		<entry key="nameCheckOverride" value="java.lang.String" />
		<entry key="operatingAirlineCode" value="java.lang.String" />
		<entry key="operatingFlightNumber" value="java.lang.Integer" />
		<entry key="marketingAirlineCode" value="java.lang.String" />
		<entry key="marketingFlightNumber" value="java.lang.Integer" />
		<entry key="codeShareIndicator" value="java.lang.String" />
		<entry key="flightDeparture" value="java.lang.Integer" />
		<entry key="flightArrivalDate" value="java.lang.Integer" />
		<entry key="originAirportCode" value="java.lang.String" />
		<entry key="destinationAirportCode" value="java.lang.String" />
		<entry key="optAirRevenueBookingClassCode" value="java.lang.String" />
		<entry key="flownCabinClassCode" value="java.lang.String" />
		<entry key="creditedClassCode" value="java.lang.String" />
		<entry key="marketingBookingClass" value="java.lang.String" />
		<entry key="upgradeIndicator" value="java.lang.Integer" />
		<entry key="downgradeIndicator" value="java.lang.Integer" />
		<entry key="entitlementNumber" value="java.lang.String" />
		<entry key="ticketNumber" value="java.lang.Long" />
		<entry key="couponNumber" value="java.lang.Integer" />
		<entry key="fareBasisCode" value="java.lang.String" />
		<entry key="seatNumber" value="java.lang.String" />
		<entry key="recordLocator" value="java.lang.String" />
		<entry key="updateCode" value="java.lang.String" />
		<entry key="baseFlightMilesPoints" value="java.lang.Integer" />
		<entry key="checkinSourceCode" value="java.lang.String" />
		<entry key="bookingSourceCode" value="java.lang.String" />
		<entry key="opeAirauthorizationNum" value="java.lang.String" />
		<entry key="internalRefNuFFPProgram" value="java.lang.String" />
		<entry key="postingstatuas" value="java.lang.Integer" />
		<entry key="responseCode1" value="java.lang.Integer" />
		<entry key="responseCode2" value="java.lang.Integer" />
		<entry key="responseCode3" value="java.lang.Integer" />
		<entry key="responseCode4" value="java.lang.Integer" />
		<entry key="responseCode5" value="java.lang.Integer" />
		<entry key="responseCode6" value="java.lang.Integer" />
		<entry key="tierLevel" value="java.lang.String" />
		<entry key="gender" value="java.lang.String" />
		<entry key="filler" value="java.lang.String" />
		<entry key="airlineAdditionalInfo" value="java.lang.String" />
	</util:map>

	<bean id="accrualHeaderFieldSetMapper"
		class="org.springframework.batch.item.file.mapping.BeanWrapperFieldSetMapper">
		<property name="prototypeBeanName" value="header" />
		<property name="customEditors">
			<map>
				<entry key="java.util.Date" value-ref="dateEditor" />
				<entry key="java.lang.Integer" value-ref="numberEditor" />
			</map>
		</property>
	</bean>

	<bean id="accrualDataFieldSetMapper"
		class="org.springframework.batch.item.file.mapping.BeanWrapperFieldSetMapper">
		<property name="prototypeBeanName" value="accrualData" />
	</bean>

	<bean id="accrualFooterFieldSetMapper"
		class="org.springframework.batch.item.file.mapping.BeanWrapperFieldSetMapper">
		<property name="prototypeBeanName" value="footer" />
		<property name="customEditors">
			<map>
				<entry key="java.lang.Integer" value-ref="numberEditor" />
			</map>
		</property>
	</bean>

	<bean id="accrualHeaderLineAggregator"
		class="org.springframework.batch.item.file.transform.FormatterLineAggregator">
		<property name="fieldExtractor">
			<bean
				class="org.springframework.batch.item.file.transform.BeanWrapperFieldExtractor">
				<property name="names"
					value="recordType,fileType,deliverySequenceNumber,sendingSystem,sendingAirline,receivingAirline,createDate,version,carrierFileReference,filler" />
			</bean>
		</property>
		<property name="format" value="%02d%02d%05d%-3s%-3s%-3s%-8s%02d%-16s%-456s" />
	</bean>

	<bean id="accrualDataLineAggregator"
		class="org.springframework.batch.item.file.transform.FormatterLineAggregator">
		<property name="fieldExtractor">
			<bean
				class="org.springframework.batch.item.file.transform.BeanWrapperFieldExtractor">
				<property name="names"
					value="recordType,ffpProgram,ffpMemberNumber,memberTicketedFamilyName,memberTicketedGivenName,nameCheckOverride,operatingAirlineCode,operatingFlightNumber,marketingAirlineCode,marketingFlightNumber,codeShareIndicator,flightDeparture,flightArrivalDate,originAirportCode,destinationAirportCode,optAirRevenueBookingClassCode,flownCabinClassCode,creditedClassCode,marketingBookingClass,upgradeIndicator,downgradeIndicator,entitlementNumber,ticketNumber,couponNumber,fareBasisCode,seatNumber,recordLocator,updateCode,baseFlightMilesPoints,checkinSourceCode,bookingSourceCode,opeAirauthorizationNum,internalRefNuFFPProgram,postingstatuas,responseCode1,responseCode2,responseCode3,responseCode4,responseCode5,responseCode6,tierLevel,gender,filler,airlineAdditionalInfo" />
			</bean>
		</property>
		<property name="format"
			value="%-2s%-3s%-20s%-30s%-50s%-1s%-3s%-5s%-3s%-5s%-1s%-8s%-8s%-5s%-5s%-2s%-2s%-2s%-2s%-2s%-2s%-15s%-13s%-2s%-8s%-4s%-6s%-1s%-5s%-2s%-2s%-16s%-16s%-2s%-3s%-3s%-3s%-3s%-3s%-3s%-2s%-1s%-126s%-100s" />
	</bean>

	<bean id="accrualFooterLineAggregator"
		class="org.springframework.batch.item.file.transform.FormatterLineAggregator">
		<property name="fieldExtractor">
			<bean
				class="org.springframework.batch.item.file.transform.BeanWrapperFieldExtractor">
				<property name="names"
					value="recordType,totalNumberOfRecords,numAcceptedPostedRecordsWithoutChanges,numAcceptedPostedRecordsWithChanges,numRejectedRecords,filler" />
			</bean>
		</property>
		<property name="format" value="%02d%09d%09d%09d%09d%-462s%n" />
	</bean>

</beans>