<?xml version="1.0" encoding="UTF-8"?>
<beans xmlns="http://www.springframework.org/schema/beans"
	xmlns:xsi="http://www.w3.org/2001/XMLSchema-instance" xmlns:batch="http://www.springframework.org/schema/batch"
	xsi:schemaLocation="http://www.springframework.org/schema/beans http://www.springframework.org/schema/beans/spring-beans-3.2.xsd
		http://www.springframework.org/schema/batch http://www.springframework.org/schema/batch/spring-batch-2.2.xsd">

	<batch:job id="accrualJob" restartable="false">
		<batch:flow id="accrualJob.accrualFlow" parent="accrualFlow" />
		<batch:listeners>
			<batch:listener ref="jobStatusListener" />
		</batch:listeners>
	</batch:job>

	<batch:flow id="accrualFlow">
		<batch:step id="accrualFileLevelValidationStep">
			<batch:tasklet>
				<batch:chunk reader="accrualFileLevelReader" processor="accrualFileLevelprocessor"
					writer="accrualFileLevelWriter" commit-interval="1000000">
				</batch:chunk>
			</batch:tasklet>
			<batch:next on="COMPLETED" to="accrualRecordLevelStep" />
		</batch:step>

		<batch:step id="accrualRecordLevelStep">
			<batch:tasklet>
				<batch:chunk reader="accrualRecordLevelReader"
					processor="accrualRecordLevelProcessor" writer="accrualRecordLevelWriter"
					commit-interval="1000000" retry-limit="1">
					<batch:retryable-exception-classes>
						<batch:include class="java.lang.Exception" />
						<batch:exclude class="com.staralliance.pai.common.util.PaiException" />
						<batch:exclude class="java.io.FileNotFoundException" />
					</batch:retryable-exception-classes>
				</batch:chunk>
			</batch:tasklet>
			<batch:end on="COMPLETED" />
		</batch:step>


	</batch:flow>

	<bean id="accrualFileLevelReader" class="org.springframework.batch.item.file.FlatFileItemReader"
		scope="step">
		<property name="resource" value="file:///#{jobParameters['input.file.path']}" />
		<property name="lineMapper" ref="accrualFileLevelLineMapper" />
	</bean>

	<bean id="accrualFileLevelprocessor"
		class="com.staralliance.pai.common.filelevel.batch.FileLevelItemProcessor"
		scope="step">
		<property name="businessValidator" ref="accrualValidator" />
	</bean>

	<bean id="accrualFileLevelWriter"
		class="com.staralliance.pai.common.filelevel.batch.FileLevelItemWriter"
		scope="step" />

	<bean id="accrualRecordLevelReader" class="org.springframework.batch.item.file.FlatFileItemReader"
		scope="step">
		<property name="resource" value="file:///#{jobParameters['input.file.path']}" />
		<property name="lineMapper" ref="accrualRecordLevelLineMapper" />
	</bean>

	<bean id="accrualRecordLevelProcessor"
		class="com.staralliance.pai.common.recordlevel.batch.RecordLevelItemProcessor"
		scope="step">
		<property name="businessValidator" ref="accrualValidator" />
		<property name="header" value="#{jobExecutionContext['header']}" />
		<property name="validationConfig" value="#{jobExecutionContext['validationConfig']}" />
		<property name="ffpCarrierMapping"
			value="#{jobExecutionContext['FfpMappingConfig']}" />
				<property name="opeCarrierMapping"
			value="#{jobExecutionContext['OPEMappingConfig']}" />
		<property name="opeCarrierMappingLH"
			value="#{jobExecutionContext['OPEMappingConfigLH']}" />			
	</bean>

	<bean id="accrualRecordLevelWriter"
		class="com.staralliance.pai.accrual.recordlevel.batch.AccrualRecordLevelItemWriter"
		scope="step">
		<property name="validationConfig" value="#{jobExecutionContext['validationConfig']}" />
		<property name="writer">
			<bean class="org.springframework.batch.item.file.FlatFileItemWriter">
				<property name="resource"
					value="file:///#{jobParameters['output.file.path']}" />
				<property name="lineAggregator" ref="accrualDataLineAggregator" />
				<property name="shouldDeleteIfExists" value="true" />
				<property name="headerCallback">
					<bean class="com.staralliance.pai.common.recordlevel.batch.HeaderWriter">
						<property name="header" value="#{jobExecutionContext['header']}" />
						<property name="lineAggregator" ref="accrualHeaderLineAggregator" />
						<property name="fileType" value="1" />
					</bean>
				</property>
				<property name="footerCallback" ref="accrualFooterCallback" />
			</bean>
		</property>
		<property name="immidiateResponceWriter">
			<bean class="org.springframework.batch.item.file.FlatFileItemWriter">
				<property name="resource"
					value="file:///#{jobParameters['outputHB.file.path']}" />
				<property name="shouldDeleteIfEmpty" value="true" />
				<property name="shouldDeleteIfExists" value="true" />
				<property name="lineAggregator" ref="accrualDataLineAggregator" />
				<property name="headerCallback">
					<bean class="com.staralliance.pai.common.recordlevel.batch.HeaderWriter">
						<property name="header" value="#{jobExecutionContext['header']}" />
						<property name="lineAggregator" ref="accrualHeaderLineAggregator" />
						<property name="fileType" value="2" />
						<property name="immidiateResponce" value="true" />
					</bean>
				</property>
				<property name="footerCallback" ref="accrualHBFooterCallback" />
			</bean>
		</property>
		<property name="header" value="#{jobExecutionContext['header']}" />
		<property name="footer" value="#{jobExecutionContext['footer']}" />
		<property name="validJdbcBatchItemWriter">
			<bean class="org.springframework.batch.item.database.JdbcBatchItemWriter">
				<property name="dataSource" ref="dataSource" />
				<property name="sql">
					<value>
             <![CDATA[        
            	insert into pai_valid_accrual (valid_accrual_ID,RECORDTYPE,FFPPROGRAM,FFPMEMBERNUMBER,MEMBERTICKETEDFAMILYNAME,MEMBERTICKETEDGIVENNAME,NAMECHECKOVERRIDE,OPERATINGAIRLINECODE,OPERATINGFLIGHTNUMBER,MARKETINGAIRLINECODE,MARKETINGFLIGHTNUMBER,CODESHAREINDICATOR,FLIGHTDEPARTUREDATE,FLIGHTARRIVALDATE,ORIGINAIRPORTCODE,DESTINATIONAIRPORTCODE,OPTAIRREVENUEBOOKINGCLASSCODE,FLOWNCABINCLASSCODE,CREDITEDCLASSCODE,MARKETINGBOOKINGCLASS,UPGRADEINDICATOR,DOWNGRADEINDICATOR,ENTITLEMENTNUMBER,TICKETNUMBER,COUPONNUMBER,FAREBASISCODE,SEATNUMBER,RECORDLOCATOR,UPDATECODE,BASEFLIGHTMILESPOINTS,CHECKINSOURCECODE,BOOKINGSOURCECODE,OPEAIRAUTHORIZATIONNUM,INTERNALREFNUFFPPROGRAM,ACCRUALPOSTINGSTATUS,RESPONSECODE1,RESPONSECODE2,RESPONSECODE3,RESPONSECODE4,RESPONSECODE5,RESPONSECODE6,TIERLEVEL,GENDER,FILLER,AIRLINEADDITIONALINFO,receiverAlertCode, senderAlert,FILE_ID,transactionId,errorDesc,errorReson) 
			values (pai_valid_accrual_seq.nextval, :recordType, :ffpProgram, :ffpMemberNumber, :memberTicketedFamilyName, :memberTicketedGivenName, :nameCheckOverride, :operatingAirlineCode, :operatingFlightNumber, :marketingAirlineCode, :marketingFlightNumber, :codeShareIndicator, Trunc(:flightDepartureDate), :flightArrivalDate, :originAirportCode, :destinationAirportCode, :optAirRevenueBookingClassCode, :flownCabinClassCode, :creditedClassCode, :marketingBookingClass, :upgradeIndicator, :downgradeIndicator, :entitlementNumber, :ticketNumber, :couponNumber, :fareBasisCode, :seatNumber, :recordLocator, :updateCode, :baseFlightMilesPoints, :checkinSourceCode, :bookingSourceCode, :opeAirauthorizationNum, :internalRefNuFFPProgram, :postingstatuas, :responseCode1, :responseCode2, :responseCode3, :responseCode4, :responseCode5, :responseCode6, :tierLevel, :gender, :filler, :airlineAdditionalInfo, :errorCode, :senderAlertCode,:file_id,:transactionId,:errorDesc,:errorReson)
            ]]>
					</value>
				</property>
				<property name="itemSqlParameterSourceProvider">
					<bean
						class="org.springframework.batch.item.database.BeanPropertyItemSqlParameterSourceProvider" />
				</property>
			</bean>
		</property>
		<property name="invalidJdbcBatchItemWriter">
			<bean class="org.springframework.batch.item.database.JdbcBatchItemWriter">
				<property name="dataSource" ref="dataSource" />
				<property name="sql">
					<value>
             <![CDATA[ 
             	insert into pai_rejected_accrual (rejected_accrual_ID,RECORDTYPE,FFPPROGRAM,FFPMEMBERNUMBER,MEMBERTICKETEDFAMILYNAME,MEMBERTICKETEDGIVENNAME,NAMECHECKOVERRIDE,OPERATINGAIRLINECODE,OPERATINGFLIGHTNUMBER,MARKETINGAIRLINECODE,MARKETINGFLIGHTNUMBER,CODESHAREINDICATOR,FLIGHTDEPARTUREDATE,FLIGHTARRIVALDATE,ORIGINAIRPORTCODE,DESTINATIONAIRPORTCODE,OPTAIRREVENUEBOOKINGCLASSCODE,FLOWNCABINCLASSCODE,CREDITEDCLASSCODE,MARKETINGBOOKINGCLASS,UPGRADEINDICATOR,DOWNGRADEINDICATOR,ENTITLEMENTNUMBER,TICKETNUMBER,COUPONNUMBER,FAREBASISCODE,SEATNUMBER,RECORDLOCATOR,UPDATECODE,BASEFLIGHTMILESPOINTS,CHECKINSOURCECODE,BOOKINGSOURCECODE,OPEAIRAUTHORIZATIONNUM,INTERNALREFNUFFPPROGRAM,ACCRUALPOSTINGSTATUS,RESPONSECODE1,RESPONSECODE2,RESPONSECODE3,RESPONSECODE4,RESPONSECODE5,RESPONSECODE6,TIERLEVEL,GENDER,FILLER,AIRLINEADDITIONALINFO,oldpostingstartus,oldresponsecode,receiverAlert, senderAlert,errorDesc,errorReson,FILE_ID,transactionId) 
			values (pai_rejeced_accrual_seq.nextval, :recordType, :ffpProgram, :ffpMemberNumber, :memberTicketedFamilyName, :memberTicketedGivenName, :nameCheckOverride, :operatingAirlineCode, :operatingFlightNumber, :marketingAirlineCode, :marketingFlightNumber, :codeShareIndicator, Trunc(:flightDepartureDate), :flightArrivalDate, :originAirportCode, :destinationAirportCode, :optAirRevenueBookingClassCode, :flownCabinClassCode, :creditedClassCode, :marketingBookingClass, :upgradeIndicator, :downgradeIndicator, :entitlementNumber, :ticketNumber, :couponNumber, :fareBasisCode, :seatNumber, :recordLocator, :updateCode, :baseFlightMilesPoints, :checkinSourceCode, :bookingSourceCode, :opeAirauthorizationNum, :internalRefNuFFPProgram, :postingstatuas, :responseCode1, :responseCode2, :responseCode3, :responseCode4, :responseCode5, :responseCode6, :tierLevel, :gender, :filler, :airlineAdditionalInfo, :oldPostingstatuas, :oldResponseCode1, :receiverAlertRequired, :senderAlertRequired,:errorDesc,:errorReson,:file_id,:transactionId)
             ]]>
					</value>
				</property>
				<property name="itemSqlParameterSourceProvider">
					<bean
						class="org.springframework.batch.item.database.BeanPropertyItemSqlParameterSourceProvider" />
				</property>
			</bean>
		</property>
		<property name="invalidParseJdbcBatchItemWriter">
			<bean class="org.springframework.batch.item.database.JdbcBatchItemWriter">
				<property name="dataSource" ref="dataSource" />
				<property name="sql">
					<value>
             <![CDATA[        
            	insert into pai_invalid_accrual (invalid_accrual_ID,invalid_record,exception_code,receiverAlert,FILE_ID) 
			values (pai_invalid_accrual_seq.nextval, :invalidData, :errorCode, :receiverAlert, :file_id)
            ]]>
					</value>
				</property>
				<property name="itemSqlParameterSourceProvider">
					<bean
						class="org.springframework.batch.item.database.BeanPropertyItemSqlParameterSourceProvider" />
				</property>
			</bean>
		</property>
		<property name="ffpCarrierMapping" 	value="#{jobExecutionContext['FfpMappingConfig']}" />
				<property name="opeCarrierMapping" 	value="#{jobExecutionContext['OPEMappingConfig']}" />
				<property name="opeCarrierMappingLH" value="#{jobExecutionContext['OPEMappingConfigLH']}" />
	</bean>

	<bean id="accrualFooterCallback"
		class="com.staralliance.pai.common.recordlevel.batch.FooterWriter"
		scope="step">
		<property name="footer" value="#{jobExecutionContext['footer']}" />
		<property name="lineAggregator" ref="accrualFooterLineAggregator" />
		<property name="totalRecords" value="#{stepExecutionContext['totalValidRecords']}" />
	</bean>

	<bean id="accrualHBFooterCallback"
		class="com.staralliance.pai.common.recordlevel.batch.FooterWriter"
		scope="step">
		<property name="footer" value="#{jobExecutionContext['footer']}" />
		<property name="lineAggregator" ref="accrualFooterLineAggregator" />
		<property name="fileType" value="2" />
		<property name="totalRecords" value="#{stepExecutionContext['totalValidRecords']}" />
		<property name="totalImmHBRecords" value="#{stepExecutionContext['totalImmHBRecords']}" />
		<property name="totalWithOutChange"
			value="#{stepExecutionContext['totalWithOutChange']}" />
		<property name="totalWithChange" value="#{stepExecutionContext['totalWithChange']}" />
		<property name="totalRejected" value="#{stepExecutionContext['totalRejected']}" />
		<property name="immidiateResponce" value="#{stepExecutionContext['immidiateResponce']}" />
	</bean>

	<bean id="accrualValidator" class="com.staralliance.pai.accrual.validator.AccrualValidator"
		scope="step">
		<property name="received_date" value="#{jobParameters['receivedDate']}" />
		<property name="header" value="#{jobExecutionContext['header']}" />
		<property name="validationConfig" value="#{jobExecutionContext['validationConfig']}" />
		<property name="opecarrierMapping" value="#{jobExecutionContext['OPEMappingConfig']}" />
		<property name="ffpcarrierMapping" value="#{jobExecutionContext['FfpMappingConfig']}" />
	</bean>

</beans>