<?xml version="1.0" encoding="UTF-8"?>
<beans xmlns="http://www.springframework.org/schema/beans"
	xmlns:xsi="http://www.w3.org/2001/XMLSchema-instance" xmlns:p="http://www.springframework.org/schema/p"
	xmlns:c="http://www.springframework.org/schema/c" xmlns:context="http://www.springframework.org/schema/context"
	xmlns:util="http://www.springframework.org/schema/util" xmlns:tx="http://www.springframework.org/schema/tx"
	xmlns:task="http://www.springframework.org/schema/task" xmlns:aop="http://www.springframework.org/schema/aop"
	xsi:schemaLocation="http://www.springframework.org/schema/aop http://www.springframework.org/schema/aop/spring-aop-3.2.xsd
		http://www.springframework.org/schema/task http://www.springframework.org/schema/task/spring-task-3.2.xsd
		http://www.springframework.org/schema/beans http://www.springframework.org/schema/beans/spring-beans-3.2.xsd
		http://www.springframework.org/schema/util http://www.springframework.org/schema/util/spring-util-3.2.xsd
		http://www.springframework.org/schema/tx http://www.springframework.org/schema/tx/spring-tx-3.2.xsd
		http://www.springframework.org/schema/context http://www.springframework.org/schema/context/spring-context-3.2.xsd">

	<aop:aspectj-autoproxy />

	<context:annotation-config />
	

	<bean id="javaMailSender" class="org.springframework.mail.javamail.JavaMailSenderImpl"
		p:host="${mail.ip}" />

	<bean id="templateMessage" class="org.springframework.mail.SimpleMailMessage"
		p:from="${mail.from}" p:replyTo="${mail.replyTo}" p:cc="${mail.cc}" />

	<bean id="velocityEngine"
		class="org.springframework.ui.velocity.VelocityEngineFactoryBean">
		<property name="velocityProperties">
			<value>
				resource.loader=class
				class.resource.loader.class=org.apache.velocity.runtime.resource.loader.ClasspathResourceLoader
			</value>
		</property>
	</bean>

	<bean id="lobHandler" class="org.springframework.jdbc.support.lob.OracleLobHandler">
		<property name="nativeJdbcExtractor">
			<bean
				class="org.springframework.jdbc.support.nativejdbc.CommonsDbcpNativeJdbcExtractor" />
		</property>
	</bean>

	<bean id="logdataSource" class="org.apache.commons.dbcp.BasicDataSource"
		destroy-method="close" p:driverClassName="${jdbc.driver}" p:url="${log.jdbc.url}"
		p:username="${log.jdbc.user}" p:password="${log.jdbc.password}"
		p:maxActive="${batch.jdbc.maxActive}" p:maxIdle="${batch.jdbc.maxIdle}"
		p:minIdle="${batch.jdbc.minIdle}" p:maxWait="${batch.jdbc.maxWait}"
		p:poolPreparedStatements="${batch.jdbc.poolPreparedStatements}"
		p:validationQuery="${batch.jdbc.validationQuery}" p:testWhileIdle="${batch.jdbc.testWhileIdle}"
		p:testOnBorrow="${batch.jdbc.testOnBorrow}" p:testOnReturn="${batch.jdbc.testOnReturn}"
		p:timeBetweenEvictionRunsMillis="${batch.jdbc.timeBetweenEvictionRunsMillis}" />

	<bean id="logjdbcTemplate" class="org.springframework.jdbc.core.JdbcTemplate">
		<property name="dataSource" ref="logdataSource" />
	</bean>

	<bean id="dataSource" class="org.apache.commons.dbcp.BasicDataSource"
		destroy-method="close" p:driverClassName="${jdbc.driver}" p:url="${batch.jdbc.url}"
		p:username="${batch.jdbc.user}" p:password="${batch.jdbc.password}"
		p:maxActive="${batch.jdbc.maxActive}" p:maxIdle="${batch.jdbc.maxIdle}"
		p:minIdle="${batch.jdbc.minIdle}" p:maxWait="${batch.jdbc.maxWait}"
		p:poolPreparedStatements="${batch.jdbc.poolPreparedStatements}"
		p:validationQuery="${batch.jdbc.validationQuery}" p:testWhileIdle="${batch.jdbc.testWhileIdle}"
		p:testOnBorrow="${batch.jdbc.testOnBorrow}" p:testOnReturn="${batch.jdbc.testOnReturn}"
		p:timeBetweenEvictionRunsMillis="${batch.jdbc.timeBetweenEvictionRunsMillis}" />

	<bean id="jdbcTemplate" class="org.springframework.jdbc.core.JdbcTemplate">
		<property name="dataSource" ref="dataSource" />
	</bean>

	<bean id="transactionManager"
		class="org.springframework.jdbc.datasource.DataSourceTransactionManager"
		p:dataSource-ref="dataSource" lazy-init="true" />

	<tx:annotation-driven />

	<bean id="taskExecutor" class="org.springframework.core.task.SimpleAsyncTaskExecutor"
		p:concurrencyLimit="${batch.job.pool.size}" />

	<bean id="jobRepository"
		class="org.springframework.batch.core.repository.support.JobRepositoryFactoryBean"
		p:transactionManager-ref="transactionManager" p:dataSource-ref="dataSource"
		p:databaseType="ORACLE" p:isolationLevelForCreate="${batch.isolationlevel}"
		p:lobHandler-ref="lobHandler" />

	<bean id="jobLauncher"
		class="org.springframework.batch.core.launch.support.SimpleJobLauncher"
		p:jobRepository-ref="jobRepository" p:taskExecutor-ref="taskExecutor" />

	<bean id="validator"
		class="org.springframework.validation.beanvalidation.LocalValidatorFactoryBean" />

	<bean id="itemValidator"
		class="org.springframework.batch.item.validator.SpringValidator"
		p:validator-ref="validator" />

	<bean id="header" class="com.staralliance.pai.common.domain.Header"
		scope="prototype" />

	<bean id="footer" class="com.staralliance.pai.common.domain.Footer"
		scope="prototype" />

	<bean id="dateEditor"
		class="org.springframework.beans.propertyeditors.CustomDateEditor">
		<constructor-arg>
			<bean class="com.staralliance.pai.common.util.SimpleDateFormatThreadSafe">
				<constructor-arg value="yyyyMMdd" />
			</bean>
		</constructor-arg>
		<constructor-arg value="true" />
	</bean>

	<bean id="numberEditor"
		class="org.springframework.beans.propertyeditors.CustomNumberEditor">
		<constructor-arg value="java.lang.Integer" />
		<constructor-arg value="true" />
	</bean>

</beans>