{"guid":"root________","title":"","index":0,"dateAdded":1478504205085000,"lastModified":1478510655452000,"id":1,"type":"text/x-moz-place-container","root":"placesRoot","children":[{"guid":"menu________","title":"Bookmarks Menu","index":0,"dateAdded":1478504205085000,"lastModified":1483079263694000,"id":2,"type":"text/x-moz-place-container","root":"bookmarksMenuFolder","children":[{"guid":"Lscc3rVpxFBU","title":"Recent Tags","index":0,"dateAdded":1478504208473000,"lastModified":1478504210010000,"id":14,"annos":[{"name":"Places/SmartBookmark","flags":0,"expires":4,"value":"RecentTags"}],"type":"text/x-moz-place","uri":"place:type=6&sort=14&maxResults=10"},{"guid":"rvnHaBS0P5w9","index":1,"dateAdded":1478504210024000,"lastModified":1478504210024000,"id":16,"type":"text/x-moz-place-separator"},{"guid":"j4C5fOpW-KmD","title":"Mozilla Firefox","index":2,"dateAdded":1478504206525000,"lastModified":1478504206540000,"id":7,"type":"text/x-moz-place-container","children":[{"guid":"LY3P8lpI9Wj3","title":"Help and Tutorials","index":0,"dateAdded":1478504206528000,"lastModified":1478504206530000,"id":8,"iconuri":"http://www.mozilla.org/2005/made-up-favicon/1-1478504206534","type":"text/x-moz-place","uri":"https://www.mozilla.org/en-US/firefox/help/"},{"guid":"5NvfdxFoKYKz","title":"Customize Firefox","index":1,"dateAdded":1478504206531000,"lastModified":1478504206533000,"id":9,"iconuri":"http://www.mozilla.org/2005/made-up-favicon/2-1478504206537","type":"text/x-moz-place","uri":"https://www.mozilla.org/en-US/firefox/customize/"},{"guid":"lfkAwAwLD9-o","title":"Get Involved","index":2,"dateAdded":1478504206535000,"lastModified":1478504206537000,"id":10,"iconuri":"http://www.mozilla.org/2005/made-up-favicon/3-1478504206542","type":"text/x-moz-place","uri":"https://www.mozilla.org/en-US/contribute/"},{"guid":"cptpATelDfI8","title":"About Us","index":3,"dateAdded":1478504206540000,"lastModified":1478504206541000,"id":11,"iconuri":"http://www.mozilla.org/2005/made-up-favicon/4-1478504206546","type":"text/x-moz-place","uri":"https://www.mozilla.org/en-US/about/"}]},{"guid":"UjhcMnuZXkzL","title":"Options","index":3,"dateAdded":1483079243336000,"lastModified":1483079243647000,"id":76,"charset":"UTF-8","annos":[{"name":"bookmarkProperties/description","flags":0,"expires":4,"value":""}],"type":"text/x-moz-place","uri":"about:preferences#privacy"},{"guid":"1ymoR3RBLMlP","title":"New Tab","index":4,"dateAdded":1483079252282000,"lastModified":1483079252435000,"id":77,"charset":"UTF-8","annos":[{"name":"bookmarkProperties/description","flags":0,"expires":4,"value":""}],"type":"text/x-moz-place","uri":"about:newtab"}]},{"guid":"toolbar_____","title":"Bookmarks Toolbar","index":1,"dateAdded":1478504205085000,"lastModified":1483079263694000,"id":3,"annos":[{"name":"bookmarkProperties/description","flags":0,"expires":4,"value":"Add bookmarks to this folder to see them displayed on the Bookmarks Toolbar"}],"type":"text/x-moz-place-container","root":"toolbarFolder","children":[{"guid":"ZIjRC_OuzlUJ","title":"Most Visited","index":0,"dateAdded":1478504206989000,"lastModified":1478504208466000,"id":12,"annos":[{"name":"Places/SmartBookmark","flags":0,"expires":4,"value":"MostVisited"}],"type":"text/x-moz-place","uri":"place:sort=8&maxResults=10"},{"guid":"ofhLtcqXaOvW","title":"Suggested Sites","index":1,"dateAdded":1478504207858000,"lastModified":1478504207858000,"id":13,"type":"text/x-moz-place","uri":"https://ieonline.microsoft.com/#ieslice"},{"guid":"lHVx27XxucMM","title":"Getting Started","index":2,"dateAdded":1478504206520000,"lastModified":1478504206524000,"id":6,"iconuri":"http://www.mozilla.org/2005/made-up-favicon/0-1478504206527","type":"text/x-moz-place","uri":"https://www.mozilla.org/en-US/firefox/central/"},{"guid":"ulOSUIez63jK","title":"Imported From IE","index":3,"dateAdded":1478504209089000,"lastModified":1478504211753000,"id":15,"type":"text/x-moz-place-container","children":[{"guid":"jW_br-6KeZ0o","title":"Buzz Information Webpage","index":0,"dateAdded":1478504210053000,"lastModified":1478504210053000,"id":17,"type":"text/x-moz-place","uri":"https://buzz.tcs.com/"},{"guid":"GXY_8xS_FGyq","title":"Security Incident Reporting Tool","index":1,"dateAdded":1478504210722000,"lastModified":1478504210722000,"id":18,"type":"text/x-moz-place","uri":"https://securityportal.tcs.com/"},{"guid":"E39emVcrXz-i","title":"TCS Maitree Home Page","index":2,"dateAdded":1478504210960000,"lastModified":1478504210960000,"id":19,"type":"text/x-moz-place","uri":"https://maitree.com/login.aspx"},{"guid":"e2rm82uXswqa","title":"Tata Consultancy Services Limited","index":3,"dateAdded":1478504211093000,"lastModified":1478504211093000,"id":20,"type":"text/x-moz-place","uri":"http://www.tcs.com/"},{"guid":"C-PSeLcfjTlO","title":"Tata Group of Companies","index":4,"dateAdded":1478504211234000,"lastModified":1478504211234000,"id":21,"type":"text/x-moz-place","uri":"http://www.tata.com/"},{"guid":"vDJKpSkMZ3SE","title":"Tata World","index":5,"dateAdded":1478504211384000,"lastModified":1478504211384000,"id":22,"type":"text/x-moz-place","uri":"http://www.tataworld.com/"},{"guid":"8phjmzX0Ux0t","title":"Ultimatix - Get Connected !","index":6,"dateAdded":1478504211535000,"lastModified":1478504211535000,"id":23,"iconuri":"https://www.ultimatix.net/favicon.ico","type":"text/x-moz-place","uri":"https://www.ultimatix.net/"},{"guid":"xXVGKCP2yzJK","title":"iLEARN Shortcuts","index":7,"dateAdded":1478504211753000,"lastModified":1478504211753000,"id":24,"type":"text/x-moz-place","uri":"http://172.25.136.206/iLearn/"}]},{"guid":"robGxw9yWYHd","title":"Yahoo Search - Web Search","index":4,"dateAdded":1479192067848000,"lastModified":1479192068010000,"id":33,"charset":"UTF-8","iconuri":"https://search.yahoo.com/favicon.ico","annos":[{"name":"bookmarkProperties/description","flags":0,"expires":4,"value":"The search engine that helps you find exactly what you're looking for. Find the most relevant information, video, images, and answers from all across the Web."}],"type":"text/x-moz-place","uri":"https://search.yahoo.com/;_ylt=AwrwNFv4rSpY4hkAuTu7HAx.;_ylu=X3oDMTEyb2wzcGYxBGNvbG8Dc2czBHBvcwMxBHZ0aWQDQjEzOThfMQRzZWMDc3I-?&fr=yfp-t-100-s"},{"guid":"STK-6rKPn8Ng","title":"Bing","index":5,"dateAdded":1479192082765000,"lastModified":1479192082841000,"id":34,"charset":"UTF-8","iconuri":"http://www.bing.com/sa/simg/bing_p_rr_teal_min.ico","annos":[{"name":"bookmarkProperties/description","flags":0,"expires":4,"value":"Bing helps you turn information into action, making it faster and easier to go from searching to doing."}],"type":"text/x-moz-place","uri":"http://www.bing.com/"},{"guid":"_ggsPEnxkgzS","title":"ref","index":6,"dateAdded":1479262459677000,"lastModified":1482849467397000,"id":36,"annos":[{"name":"bookmarkPropertiesDialog/folderLastUsed","flags":0,"expires":4,"value":1482849463702}],"type":"text/x-moz-place-container","children":[{"guid":"alfjlQRKh3EK","title":"Spring batch Interview questions","index":0,"dateAdded":1479262445791000,"lastModified":1479262446507000,"id":35,"charset":"UTF-8","iconuri":"https://www.javapedia.net/resources/img/favicon.ico","annos":[{"name":"bookmarkProperties/description","flags":0,"expires":4,"value":"Spring batch Interview questions"}],"type":"text/x-moz-place","uri":"https://www.javapedia.net/Spring-batch-Interview-questions"},{"guid":"-3DqkTpZl0a1","title":"Spring Batch - Frequently Asked Questions","index":1,"dateAdded":1479262468873000,"lastModified":1479262468874000,"id":37,"charset":"UTF-8","iconuri":"http://docs.spring.io/favicon.ico","annos":[{"name":"bookmarkProperties/description","flags":0,"expires":4,"value":""}],"type":"text/x-moz-place","uri":"http://docs.spring.io/spring-batch/1.0.x/faq.html"},{"guid":"am_5HVnhIKxb","title":"Lat Long to DMS Converter (Decimal to Degrees Minutes Seconds)","index":2,"dateAdded":1479450077448000,"lastModified":1479450078339000,"id":38,"charset":"UTF-8","iconuri":"http://www.latlong.net/icon.png","annos":[{"name":"bookmarkProperties/description","flags":0,"expires":4,"value":"Convert decimal latitude and longitude to degrees minutes and seconds, also known as DMS, coordinate transformation tool for converting decimal to dms."}],"type":"text/x-moz-place","uri":"http://www.latlong.net/lat-long-dms.html"},{"guid":"8MEWnvXgFtix","title":"Design Pattern Introduction - Java Design Patterns","index":3,"dateAdded":1479470793464000,"lastModified":1479470793554000,"id":39,"charset":"UTF-8","iconuri":"http://www.java2novice.com/images/favicon.ico","annos":[{"name":"bookmarkProperties/description","flags":0,"expires":4,"value":"Design Pattern Introduction - Java Design Patterns"}],"type":"text/x-moz-place","uri":"http://www.java2novice.com/java-design-patterns/"},{"guid":"NtZ_-QIdMNmY","title":"[Solved] java.lang.ClassNotFoundException: org.springframework.web.context.ContextLoaderListener - HowToDoInJava","index":4,"dateAdded":1480786246005000,"lastModified":1480786246395000,"id":40,"charset":"UTF-8","annos":[{"name":"bookmarkProperties/description","flags":0,"expires":4,"value":"Possibly you have not added the spring web dependencies in your project. Just add them if you have not."}],"type":"text/x-moz-place","uri":"http://howtodoinjava.com/random-exceptions/solved-java-lang-classnotfoundexception-org-springframework-web-context-contextloaderlistener/"},{"guid":"747jvkpKhbs6","title":"java8","index":5,"dateAdded":1481187761049000,"lastModified":1482207292388000,"id":42,"type":"text/x-moz-place-container","children":[{"guid":"wt3vfuWjydHP","title":"Translation of Lambda Expressions","index":0,"dateAdded":1481187747894000,"lastModified":1481187748244000,"id":41,"charset":"windows-1252","iconuri":"http://openjdk.java.net/images/nanoduke.ico","annos":[{"name":"bookmarkProperties/description","flags":0,"expires":4,"value":""}],"type":"text/x-moz-place","uri":"http://cr.openjdk.java.net/~briangoetz/lambda/lambda-translation.html"},{"guid":"jzcv4Ujhnvsb","title":"Compiling Lambda expressions: Scala vs. Java 8 | Takipi Blog","index":1,"dateAdded":1481187773152000,"lastModified":1481187773278000,"id":43,"charset":"UTF-8","iconuri":"http://blog.takipi.com/favicon.ico","annos":[{"name":"bookmarkProperties/description","flags":0,"expires":4,"value":""}],"type":"text/x-moz-place","uri":"http://blog.takipi.com/compiling-lambda-expressions-scala-vs-java-8/"},{"guid":"XsTxd0R1GgIH","title":"Java 8 Lambda Expressions Tutorial. Lambda Expression Java","index":2,"dateAdded":1481187904610000,"lastModified":1481187904761000,"id":44,"charset":"UTF-8","iconuri":"http://viralpatel.net/favicon.ico","annos":[{"name":"bookmarkProperties/description","flags":0,"expires":4,"value":"Lambda expressions in Java: A quick start guide on Lambda expressions in Java. Understanding Lambda expressions and functional interfaces."}],"type":"text/x-moz-place","uri":"http://viralpatel.net/blogs/lambda-expressions-java-tutorial/"},{"guid":"eDnhBcyYhvkC","title":"Java SE 8: Lambda Quick Start","index":3,"dateAdded":1481521492319000,"lastModified":1481521493008000,"id":45,"charset":"windows-1252","iconuri":"http://www.oracle.com/webfolder/technetwork/tutorials/obe/java/Lambda-QuickStart/icons/favicon.ico","annos":[{"name":"bookmarkProperties/description","flags":0,"expires":4,"value":""}],"type":"text/x-moz-place","uri":"http://www.oracle.com/webfolder/technetwork/tutorials/obe/java/Lambda-QuickStart/index.html#section5"},{"guid":"NlzaXVzZtkXl","title":"Method References (The Java™ Tutorials > Learning the Java Language > Classes and Objects)","index":4,"dateAdded":1481521520113000,"lastModified":1481521520273000,"id":46,"charset":"windows-1252","iconuri":"https://docs.oracle.com/favicon.ico","annos":[{"name":"bookmarkProperties/description","flags":0,"expires":4,"value":"This beginner Java tutorial describes fundamentals of programming in the Java programming language"}],"type":"text/x-moz-place","uri":"https://docs.oracle.com/javase/tutorial/java/javaOO/methodreferences.html"},{"guid":"9rvGXDJ-Ehvk","title":"The Java™ Tutorials","index":5,"dateAdded":1481813987331000,"lastModified":1481813987472000,"id":47,"charset":"windows-1252","annos":[{"name":"bookmarkProperties/description","flags":0,"expires":4,"value":"Tutorials and reference guides for the Java Programming Language"}],"type":"text/x-moz-place","uri":"file:///D:/353453/learning/java8/javatutorials/tutorial/index.html"},{"guid":"rI6Q-eU3aRnl","title":"Java 8 Concurrency Tutorial: Synchronization and Locks - Benjamin Winterberg","index":6,"dateAdded":1481887293778000,"lastModified":1481887294861000,"id":48,"charset":"UTF-8","iconuri":"http://winterbe.com/favicon.ico","annos":[{"name":"bookmarkProperties/description","flags":0,"expires":4,"value":"Learn multi-threaded programming with Java 8 by example: This tutorial covers Synchronization, Locks and Semaphores."}],"type":"text/x-moz-place","uri":"http://winterbe.com/posts/2015/04/30/java8-concurrency-tutorial-synchronized-locks-examples/"},{"guid":"U_VQ-OJURG0_","title":"Java Instrumentation - Java Tutorial Blog","index":7,"dateAdded":1482065526133000,"lastModified":1482065526249000,"id":53,"charset":"UTF-8","iconuri":"http://javapapers.com/favicon.ico","annos":[{"name":"bookmarkProperties/description","flags":0,"expires":4,"value":"Java Instrumentation will give a demonstration of how powerful Java is. Most importantly, this power can be realized by a developer for innovative means. F"}],"type":"text/x-moz-place","uri":"http://javapapers.com/core-java/java-instrumentation/"}]},{"guid":"XuPRi1p54MSB","title":"design_principles","index":6,"dateAdded":1482063234938000,"lastModified":1482220487829000,"id":50,"annos":[{"name":"bookmarkPropertiesDialog/folderLastUsed","flags":0,"expires":4,"value":1482220487783}],"type":"text/x-moz-place-container","children":[{"guid":"fpSAhJjSSedJ","title":"5 Class Design Principles - SOLID","index":0,"dateAdded":1482063224647000,"lastModified":1482063224846000,"id":49,"charset":"UTF-8","iconuri":"http://howtodoinjava.com/wp-content/uploads/2015/05/howtodoinjava_logo-55696c1cv1_site_icon-256x256.png","annos":[{"name":"bookmarkProperties/description","flags":0,"expires":4,"value":"Discussing 5 most recommended design principles, you should keep in mind, while writing your classes. These design principles are called SOLID, in short. They also form the best practices to be followed for designing your application classes."}],"type":"text/x-moz-place","uri":"http://howtodoinjava.com/best-practices/5-class-design-principles-solid-in-java/"},{"guid":"Mc2cXbcszNN9","title":"SOLID Principles of Class Design : Java Application Architecture","index":1,"dateAdded":1482063247476000,"lastModified":1482063247650000,"id":51,"charset":"UTF-8","iconuri":"http://techdistrict.kirkk.com/wp-content/themes/kirk/images/modularity.gif","annos":[{"name":"bookmarkProperties/description","flags":0,"expires":4,"value":""}],"type":"text/x-moz-place","uri":"http://www.kirkk.com/modularity/2009/12/solid-principles-of-class-design/"},{"guid":"yNr2krVtkb39","title":"10 Object Oriented Design Principles Java Programmer should know","index":2,"dateAdded":1482063252949000,"lastModified":1482063253182000,"id":52,"charset":"UTF-8","iconuri":"http://javarevisited.blogspot.in/favicon.ico","annos":[{"name":"bookmarkProperties/description","flags":0,"expires":4,"value":"Collection of 10 OOPS and SOLID design principles which are essential for Java programmer to write flexible, maintainable and quality code."}],"type":"text/x-moz-place","uri":"http://javarevisited.blogspot.in/2012/03/10-object-oriented-design-principles.html"},{"guid":"ngzb6q4YhO1P","title":"java - singleton using enum - Stack Overflow","index":3,"dateAdded":1482134695235000,"lastModified":1482134695363000,"id":54,"charset":"UTF-8","iconuri":"https://cdn.sstatic.net/Sites/stackoverflow/img/favicon.ico?v=4f32ecc8f43d","annos":[{"name":"bookmarkProperties/description","flags":0,"expires":4,"value":""}],"type":"text/x-moz-place","uri":"http://stackoverflow.com/questions/8027701/singleton-using-enum"},{"guid":"NU_Br9R5FKry","title":"CircuitBreaker","index":4,"dateAdded":1482145010836000,"lastModified":1482145011301000,"id":55,"charset":"UTF-8","iconuri":"http://martinfowler.com/favicon.ico","annos":[{"name":"bookmarkProperties/description","flags":0,"expires":4,"value":""}],"type":"text/x-moz-place","uri":"http://martinfowler.com/bliki/CircuitBreaker.html"},{"guid":"DMbkd-qmI3kw","title":"circuit_breakerImpl_java","index":5,"dateAdded":1482145024680000,"lastModified":1482145040246000,"id":56,"charset":"UTF-8","annos":[{"name":"bookmarkProperties/description","flags":0,"expires":4,"value":"Blocked by TCS proxy"}],"type":"text/x-moz-place","uri":"http://gerlojava.blogspot.com/2015/07/circuit-breaker-implementation-in-java.html"},{"guid":"yb59aN4lD44m","title":"SOA Patterns | Design Patterns | File Gateway","index":6,"dateAdded":1482146563224000,"lastModified":1482146563331000,"id":57,"charset":"UTF-8","iconuri":"http://soapatterns.org/static/images/favicon/favicon.ico","annos":[{"name":"bookmarkProperties/description","flags":0,"expires":4,"value":"A technical design patterns catalog dedicated to service-oriented architecture (SOA) and service-orientation based on the best-selling book SOA Design Patterns by Thomas Erl, in collaboration with industry experts. This is also an official resource site for the SOA Certified Professional (SOACP) program from SOASchool.com."}],"type":"text/x-moz-place","uri":"http://soapatterns.org/design_patterns/file_gateway"},{"guid":"d-oDENWimoxA","title":"Inversion of Control Containers and the Dependency Injection pattern","index":7,"dateAdded":1482220474316000,"lastModified":1482220474520000,"id":71,"charset":"UTF-8","iconuri":"http://martinfowler.com/favicon.ico","annos":[{"name":"bookmarkProperties/description","flags":0,"expires":4,"value":""}],"type":"text/x-moz-place","uri":"http://martinfowler.com/articles/injection.html#InversionOfControl"}]},{"guid":"uoih6MErKbCv","title":"oAuth","index":7,"dateAdded":1482157799161000,"lastModified":1482303463990000,"id":59,"type":"text/x-moz-place-container","children":[{"guid":"qI1LVq1DalnP","title":"OAuth 2.0 - The Good, The Bad & The Ugly","index":0,"dateAdded":1482157792714000,"lastModified":1482157792776000,"id":58,"charset":"UTF-8","iconuri":"https://static.tutsplus.com/assets/favicon-8b86ba48e7f31535461f183680fe2ac9.png","annos":[{"name":"bookmarkProperties/description","flags":0,"expires":4,"value":" In a world dominated by social media, it's hard to not come across a client application which you have used to access restricted resources on some other server, for example, you might have used a..."}],"type":"text/x-moz-place","uri":"https://code.tutsplus.com/articles/oauth-20-the-good-the-bad-the-ugly--net-33216"},{"guid":"teP0usWDkuDN","title":"Spring Security OAuth","index":1,"dateAdded":1482158172848000,"lastModified":1482158172854000,"id":60,"charset":"UTF-8","iconuri":"https://projects.spring.io/spring-security-oauth/favicon.png","annos":[{"name":"bookmarkProperties/description","flags":0,"expires":4,"value":""}],"type":"text/x-moz-place","uri":"https://projects.spring.io/spring-security-oauth/docs/tutorial.html"}]},{"guid":"cBkg4hRXWyf2","title":"java_effective","index":8,"dateAdded":1482172134784000,"lastModified":1482208563867000,"id":62,"annos":[{"name":"bookmarkPropertiesDialog/folderLastUsed","flags":0,"expires":4,"value":1482208563861}],"type":"text/x-moz-place-container","children":[{"guid":"7yNmFP4p7Bsh","title":"AngelikaLanger.com - Java Generics FAQs - Frequently Asked Questions - Angelika Langer Training/Consulting","index":0,"dateAdded":1482172123876000,"lastModified":1482172124097000,"id":61,"charset":"windows-1252","iconuri":"http://www.angelikalanger.com/favicon.ico","annos":[{"name":"bookmarkProperties/description","flags":0,"expires":4,"value":""}],"type":"text/x-moz-place","uri":"http://www.angelikalanger.com/GenericsFAQ/JavaGenericsFAQ.html"},{"guid":"g-CXDrImDrJa","title":"Java Practices -> Home","index":1,"dateAdded":1482208561514000,"lastModified":1482208561518000,"id":68,"charset":"UTF-8","iconuri":"http://www.javapractices.com/images/favicon.ico","annos":[{"name":"bookmarkProperties/description","flags":0,"expires":4,"value":"Concise presentations of java programming practices, tasks, and conventions, amply illustrated with syntax highlighted code examples."}],"type":"text/x-moz-place","uri":"http://www.javapractices.com/home/HomeAction.do"}]},{"guid":"F-9LbNHxuVcn","title":"interview","index":9,"dateAdded":1482207283003000,"lastModified":1482849463726000,"id":64,"type":"text/x-moz-place-container","children":[{"guid":"wFuBavGo1-bq","title":"Web Services Interview Questions - SOAP, RESTful - JournalDev","index":0,"dateAdded":1482207260814000,"lastModified":1482207260819000,"id":63,"charset":"UTF-8","iconuri":"http://cdn.journaldev.com/wp-content/uploads/2015/08/jd-site-img-268x268.png","annos":[{"name":"bookmarkProperties/description","flags":0,"expires":4,"value":"Web Services Interview Questions and Answers. Restful web services interview questions. SOAP web services interview questions and answers in java."}],"type":"text/x-moz-place","uri":"http://www.journaldev.com/9193/web-services-interview-questions-soap-restful"},{"guid":"sp6DycA7M1QW","title":"Spring Interview Questions and Answers - JournalDev","index":1,"dateAdded":1482207290031000,"lastModified":1482207290166000,"id":65,"charset":"UTF-8","iconuri":"http://cdn.journaldev.com/wp-content/uploads/2015/08/jd-site-img-268x268.png","annos":[{"name":"bookmarkProperties/description","flags":0,"expires":4,"value":"Spring Interview Questions and Answers for Experienced/Beginners, Spring MVC interview questions, Spring Core, Spring Security, DAO, IOC and more."}],"type":"text/x-moz-place","uri":"http://www.journaldev.com/2696/spring-interview-questions-and-answers"},{"guid":"kpvcuJLo5mOp","title":"Core Java Interview Questions and Answers - JournalDev","index":2,"dateAdded":1482207295242000,"lastModified":1482207295332000,"id":66,"charset":"UTF-8","iconuri":"http://cdn.journaldev.com/wp-content/uploads/2015/08/jd-site-img-268x268.png","annos":[{"name":"bookmarkProperties/description","flags":0,"expires":4,"value":"Core Java Interview Questions and Answers for Beginner, Advanced Experienced programmers - from my 10+ years of java programming and interviewing experience"}],"type":"text/x-moz-place","uri":"http://www.journaldev.com/2366/core-java-interview-questions-and-answers"},{"guid":"yp8K3ymE4gQf","title":"Java Interview Questions - JournalDev","index":3,"dateAdded":1482207300411000,"lastModified":1482207300413000,"id":67,"charset":"UTF-8","iconuri":"http://cdn.journaldev.com/wp-content/uploads/2015/08/jd-site-img-268x268.png","annos":[{"name":"bookmarkProperties/description","flags":0,"expires":4,"value":"Java Interview Questions and Answers for Freshers/Experienced programmers. J2EE, Java EE, Spring, Hibernate, JSF, Scala, Programming interview questions"}],"type":"text/x-moz-place","uri":"http://www.journaldev.com/java-interview-questions"}]},{"guid":"TM2cGmlj8wpm","title":"maven","index":10,"dateAdded":1482214823080000,"lastModified":1482214825633000,"id":70,"annos":[{"name":"bookmarkPropertiesDialog/folderLastUsed","flags":0,"expires":4,"value":1482214823171}],"type":"text/x-moz-place-container","children":[{"guid":"RykhqH4mVh_b","title":"Maven Multi Module Project Example - CodeTab","index":0,"dateAdded":1482214802532000,"lastModified":1482214802613000,"id":69,"charset":"UTF-8","annos":[{"name":"bookmarkProperties/description","flags":0,"expires":4,"value":"In this tutorial, we give a step by step example of simple Maven Multi Module Project. When modules are part of a project and closely related to each other"}],"type":"text/x-moz-place","uri":"http://www.codetab.org/apache-maven-tutorial/maven-multi-module-project/"}]},{"guid":"3Gq5d37gbtxi","title":"spring","index":11,"dateAdded":1482303465065000,"lastModified":1482303467565000,"id":73,"annos":[{"name":"bookmarkPropertiesDialog/folderLastUsed","flags":0,"expires":4,"value":1482303465119}],"type":"text/x-moz-place-container","children":[{"guid":"QFyiHQrC43cp","title":"Spring AOP Example | Examples Java Code Geeks - 2016","index":0,"dateAdded":1482303458602000,"lastModified":1482303458972000,"id":72,"charset":"UTF-8","annos":[{"name":"bookmarkProperties/description","flags":0,"expires":4,"value":""}],"type":"text/x-moz-place","uri":"https://examples.javacodegeeks.com/enterprise-java/spring/aop/spring-aop-example/"}]},{"guid":"2sUuLplvsre6","title":"webservice","index":12,"dateAdded":1482849466426000,"lastModified":1482849471749000,"id":75,"annos":[{"name":"bookmarkPropertiesDialog/folderLastUsed","flags":0,"expires":4,"value":1482849467489}],"type":"text/x-moz-place-container","children":[{"guid":"85FaIF1I780U","title":"How to build RESTful Service with Java using JAX-RS and Jersey (Example) • Crunchify","index":0,"dateAdded":1482849450740000,"lastModified":1482849450848000,"id":74,"charset":"UTF-8","iconuri":"http://cdn.crunchify.com/wp-content/uploads/2016/08/favicon.png","annos":[{"name":"bookmarkProperties/description","flags":0,"expires":4,"value":"Do you have one of the below query/question? REST with Java (JAX-RS) using Jersey Java API for RESTful Web Services web services - Which is the best Java R"}],"type":"text/x-moz-place","uri":"http://crunchify.com/how-to-build-restful-service-with-java-using-jax-rs-and-jersey/"}]}]}]},{"guid":"unfiled_____","title":"Other Bookmarks","index":3,"dateAdded":1478504205085000,"lastModified":1478504206512000,"id":5,"type":"text/x-moz-place-container","root":"unfiledBookmarksFolder"}]}